Number,Heating rate,CaO,SiO2,Al2O3,MgO,Na2O,F,Li2O,B2O3,Fe2O3,MnO,Cr2O3,TiO2,BaO,K2O,V2O5,FeO,P2O5,S,Ce2O3,La2O3,R,CaO/AL2O3,T (℃)
1,25,45.81,36.64,3.9,0,7.8,5.85,0,0,0,0,0,0,0,0,0,0,0,0,0,0,1.25,11.75,1123
2,25,45.53,36.42,3.9,0,7.8,5.85,0.49,0,0,0,0,0,0,0,0,0,0,0,0,0,1.25,11.67,1118
3,25,45.26,36.2,3.9,0,7.8,5.85,0.98,0,0,0,0,0,0,0,0,0,0,0,0,0,1.25,11.61,1094
4,25,45,35.99,3.9,0,7.8,5.85,1.46,0,0,0,0,0,0,0,0,0,0,0,0,0,1.25,11.54,1063
5,25,44.72,35.77,3.9,0,7.8,5.85,1.95,0,0,0,0,0,0,0,0,0,0,0,0,0,1.25,11.47,1025
6,25,44.45,35.56,3.9,0,7.8,5.85,2.44,0,0,0,0,0,0,0,0,0,0,0,0,0,1.25,11.4,1011
7,25,44.18,35.34,3.9,0,7.8,5.85,2.93,0,0,0,0,0,0,0,0,0,0,0,0,0,1.25,11.33,990
8,25,49.06,39.24,3.9,0,0,5.85,1.95,0,0,0,0,0,0,0,0,0,0,0,0,0,1.25,12.58,1268
9,25,48.52,38.8,3.9,0,0,5.85,2.93,0,0,0,0,0,0,0,0,0,0,0,0,0,1.25,12.44,1137
10,25,47.97,38.38,3.9,0,0,5.85,3.9,0,0,0,0,0,0,0,0,0,0,0,0,0,1.25,12.3,1095
11,25,47.44,37.94,3.9,0,0,5.85,4.88,0,0,0,0,0,0,0,0,0,0,0,0,0,1.25,12.16,1062
12,25,46.89,37.51,3.9,0,0,5.85,5.85,0,0,0,0,0,0,0,0,0,0,0,0,0,1.25,12.02,1016
13,25,46.35,37.07,3.9,0,0,5.85,6.83,0,0,0,0,0,0,0,0,0,0,0,0,0,1.25,11.88,962
14,25,45.81,36.64,3.9,0,0,5.85,7.8,0,0,0,0,0,0,0,0,0,0,0,0,0,1.25,11.75,930
15,10,10.62,21.24,11.57,13.79,0,0,0,0,0,0,3,39.78,0,0,0,0,0,0,0,0,0.5,0.92,1225
16,10,11.95,19.91,11.57,13.79,0,0,0,0,0,0,3,39.78,0,0,0,0,0,0,0,0,0.6,1.03,1241
17,10,13.12,18.74,11.57,13.79,0,0,0,0,0,0,3,39.78,0,0,0,0,0,0,0,0,0.7,1.13,1244
18,10,14.16,17.7,11.57,13.79,0,0,0,0,0,0,3,39.78,0,0,0,0,0,0,0,0,0.8,1.22,1271
19,25,33.15,39.12,7.82,2.93,7.82,5.24,0,0,0,0,0,0,3.91,0,0,0,0,0,0,0,0.85,4.24,1119
20,25,33.15,35.2,7.82,2.93,7.82,5.24,0,0,0,0,0,3.91,3.91,0,0,0,0,0,0,0,0.94,4.24,1108
21,25,33.15,31.29,7.82,2.93,7.82,5.24,0,0,0,0,0,7.82,3.91,0,0,0,0,0,0,0,1.06,4.24,1120
22,25,33.15,29.34,7.82,2.93,7.82,5.24,0,0,0,0,0,9.78,3.91,0,0,0,0,0,0,0,1.13,4.24,1147
23,25,33.15,27.38,7.82,2.93,7.82,5.24,0,0,0,0,0,11.73,3.91,0,0,0,0,0,0,0,1.21,4.24,1151
24,25,29.24,27.38,7.82,2.93,7.82,5.24,0,0,0,0,0,11.73,7.82,0,0,0,0,0,0,0,1.07,3.74,1136
25,25,25.33,27.38,7.82,2.93,7.82,5.24,0,0,0,0,0,11.73,11.73,0,0,0,0,0,0,0,0.93,3.24,1085
26,25,21.42,27.38,7.82,2.93,7.82,5.24,0,0,0,0,0,11.73,15.65,0,0,0,0,0,0,0,0.78,2.74,1075
27,15,36.67,5,33.33,0,0,10,5,5,0,0,0,0,5,0,0,0,0,0,0,0,7.33,1.1,1172
28,15,35.62,5,32.38,0,2,10,5,5,0,0,0,0,5,0,0,0,0,0,0,0,7.12,1.1,1171
29,15,34.57,5,31.43,0,4,10,5,5,0,0,0,0,5,0,0,0,0,0,0,0,6.91,1.1,1166
30,15,33.52,5,30.48,0,6,10,5,5,0,0,0,0,5,0,0,0,0,0,0,0,6.7,1.1,1158
31,15,32.48,5,29.52,0,8,10,5,5,0,0,0,0,5,0,0,0,0,0,0,0,6.5,1.1,1134
32,15,31.43,5,28.57,0,10,10,5,5,0,0,0,0,5,0,0,0,0,0,0,0,6.29,1.1,1146
33,15,39.57,5,30.43,0,0,10,5,5,0,0,0,0,5,0,0,0,0,0,0,0,7.91,1.3,1207
34,15,38.43,5,29.57,0,2,10,5,5,0,0,0,0,5,0,0,0,0,0,0,0,7.69,1.3,1205
35,15,37.3,5,28.7,0,4,10,5,5,0,0,0,0,5,0,0,0,0,0,0,0,7.46,1.3,1201
36,15,36.17,5,27.83,0,6,10,5,5,0,0,0,0,5,0,0,0,0,0,0,0,7.23,1.3,1174
37,15,35.04,5,26.96,0,8,10,5,5,0,0,0,0,5,0,0,0,0,0,0,0,7.01,1.3,1172
38,15,33.91,5,26.09,0,10,10,5,5,0,0,0,0,5,0,0,0,0,0,0,0,6.78,1.3,1161
39,15,35.62,5,32.38,0,0,10,5,5,0,0,0,0,5,2,0,0,0,0,0,0,7.12,1.1,1168
40,15,34.57,5,31.43,0,0,10,5,5,0,0,0,0,5,4,0,0,0,0,0,0,6.91,1.1,1162
41,15,33.52,5,30.48,0,0,10,5,5,0,0,0,0,5,6,0,0,0,0,0,0,6.7,1.1,1168
42,15,32.48,5,29.52,0,0,10,5,5,0,0,0,0,5,8,0,0,0,0,0,0,6.5,1.1,1153
43,15,31.43,5,28.57,0,0,10,5,5,0,0,0,0,5,10,0,0,0,0,0,0,6.29,1.1,1148
44,15,38.43,5,29.57,0,0,10,5,5,0,0,0,0,5,2,0,0,0,0,0,0,7.69,1.3,1198
45,15,37.3,5,28.7,0,0,10,5,5,0,0,0,0,5,4,0,0,0,0,0,0,7.46,1.3,1194
46,15,36.17,5,27.83,0,0,10,5,5,0,0,0,0,5,6,0,0,0,0,0,0,7.23,1.3,1211
47,15,35.04,5,26.96,0,0,10,5,5,0,0,0,0,5,8,0,0,0,0,0,0,7.01,1.3,1202
48,10,42.5,42.5,0,0,15,0,0,0,0,0,0,0,0,0,0,0,0,0,0,0,1,0,1291
49,10,40.38,40.38,0,0,14.25,0,0,5,0,0,0,0,0,0,0,0,0,0,0,0,1,0,1126
50,10,38.25,38.25,0,0,13.5,0,0,10,0,0,0,0,0,0,0,0,0,0,0,0,1,0,1026
51,10,36.13,36.13,0,0,12.75,0,0,15,0,0,0,0,0,0,0,0,0,0,0,0,1,0,968
52,10,37.31,5.39,37.3,0,0,0,10,5,0,0,0,0,0,0,0,0,0,0,5,0,6.92,1,1141
53,10,39.72,5.39,34.89,0,0,0,10,5,0,0,0,0,0,0,0,0,0,0,5,0,7.37,1.14,1152
54,10,44.77,5.39,29.84,0,0,0,10,5,0,0,0,0,0,0,0,0,0,0,5,0,8.31,1.5,1140
55,10,48.13,5.39,26.48,0,0,0,10,5,0,0,0,0,0,0,0,0,0,0,5,0,8.93,1.82,1139
56,25,23.21,26.86,3,2,8,0,0.78,3,0,0,0,33.15,0,0,0,0,0,0,0,0,0.86,7.74,1177
57,25,22.63,28.25,3,2,8,0,0.78,3,0,0,0,32.33,0,0,0,0,0,0,0,0,0.8,7.54,1171
58,25,22.06,29.64,3,2,8,0,0.78,3,0,0,0,31.52,0,0,0,0,0,0,0,0,0.74,7.35,1149
59,25,21.49,31.03,3,2,8,0,0.78,3,0,0,0,30.7,0,0,0,0,0,0,0,0,0.69,7.16,1153
60,25,31.1,25.9,3,2,4,0,1,3,0,0,0,30,0,0,0,0,0,0,0,0,1.2,10.37,1150
61,25,31.21,28.28,2.59,1.72,8.62,0,0.86,5.17,0,0,0,21.55,0,0,0,0,0,0,0,0,1.1,12.05,1152
62,15,48.9,6.9,24.1,1.4,5.6,3.4,2.1,7.6,0,0,0,0,0,0,0,0,0,0,0,0,7.09,2.03,1164
63,15,47.6,7,23.1,1.5,5.9,3.2,2.1,9.6,0,0,0,0,0,0,0,0,0,0,0,0,6.8,2.06,1093
64,15,45.9,6.9,22.8,1.7,5.5,3.4,2.1,11.7,0,0,0,0,0,0,0,0,0,0,0,0,6.65,2.01,1067
65,15,44.6,7,22,1.6,6.1,3.4,2.2,13.1,0,0,0,0,0,0,0,0,0,0,0,0,6.37,2.03,1032
66,15,40.8,49.2,3,0,0,0,0,7,0,0,0,0,0,0,0,0,0,0,0,0,0.83,13.6,1290
67,15,52,40,3,0,0,0,0,5,0,0,0,0,0,0,0,0,0,0,0,0,1.3,17.33,1236
68,15,50.9,39.1,3,0,0,0,0,7,0,0,0,0,0,0,0,0,0,0,0,0,1.3,16.97,1207
69,15,49.7,38.3,3,0,0,0,0,9,0,0,0,0,0,0,0,0,0,0,0,0,1.3,16.57,1217
70,15,54,36,3,0,0,0,0,7,0,0,0,0,0,0,0,0,0,0,0,0,1.5,18,1160
71,15,36.7,44.3,3,0,9,0,0,7,0,0,0,0,0,0,0,0,0,0,0,0,0.83,12.23,1211
72,15,40.5,40.5,3,0,9,0,0,7,0,0,0,0,0,0,0,0,0,0,0,0,1,13.5,1094
73,15,46.9,36.1,3,0,7,0,0,7,0,0,0,0,0,0,0,0,0,0,0,0,1.3,15.63,1135
74,15,45.8,35.2,3,0,9,0,0,7,0,0,0,0,0,0,0,0,0,0,0,0,1.3,15.27,1146
75,15,44.7,34.3,3,0,11,0,0,7,0,0,0,0,0,0,0,0,0,0,0,0,1.3,14.9,1125
76,15,48.6,32.4,3,0,9,0,0,7,0,0,0,0,0,0,0,0,0,0,0,0,1.5,16.2,1211
77,15,38.8,7.5,18.6,1.9,9.2,5.9,3.6,14.5,0,0,0,0,0,0,0,0,0,0,0,0,5.17,2.09,926
78,15,38.5,7.1,23.2,1.9,7.4,6.4,3.6,11.9,0,0,0,0,0,0,0,0,0,0,0,0,5.42,1.66,995
79,15,39.2,6.9,28.1,2,5.6,5.9,3.6,8.7,0,0,0,0,0,0,0,0,0,0,0,0,5.68,1.4,1020
80,15,38.8,6.5,32.5,1.9,4,6.2,3.5,6.6,0,0,0,0,0,0,0,0,0,0,0,0,5.97,1.19,1115
81,25,32.27,26.31,7.82,2.93,7.82,5.24,1.96,0,0,0,0,11.73,3.91,0,0,0,0,0,0,0,1.23,4.13,996
82,25,31.29,25.33,7.82,2.93,7.82,5.24,3.91,0,0,0,0,11.73,3.91,0,0,0,0,0,0,0,1.24,4,914
83,25,30.31,24.35,7.82,2.93,7.82,5.24,5.87,0,0,0,0,11.73,3.91,0,0,0,0,0,0,0,1.24,3.88,887
84,25,29.43,23.27,7.82,2.93,7.82,5.24,7.82,0,0,0,0,11.73,3.91,0,0,0,0,0,0,0,1.26,3.76,884
85,25,35.99,30.41,7.82,2.93,1.96,5.24,0,0,0,0,0,11.73,3.91,0,0,0,0,0,0,0,1.18,4.6,1195
86,25,35.01,29.43,7.82,2.93,3.91,5.24,0,0,0,0,0,11.73,3.91,0,0,0,0,0,0,0,1.19,4.48,1188
87,25,34.13,28.36,7.82,2.93,5.87,5.24,0,0,0,0,0,11.73,3.91,0,0,0,0,0,0,0,1.2,4.36,1160
88,25,32.17,26.4,7.82,2.93,9.78,5.24,0,0,0,0,0,11.73,3.91,0,0,0,0,0,0,0,1.22,4.11,1077
89,10,14.71,21.02,10.42,11.22,0,0,0,0,0,0,2,40.63,0,0,0,0,0,0,0,0,0.7,1.41,1214
90,10,14.3,20.43,10.42,11.22,0,0,0,1,0,0,2,40.63,0,0,0,0,0,0,0,0,0.7,1.37,1211
91,10,13.89,19.84,10.42,11.22,0,0,0,2,0,0,2,40.63,0,0,0,0,0,0,0,0,0.7,1.33,1190
92,10,13.48,19.25,10.42,11.22,0,0,0,3,0,0,2,40.63,0,0,0,0,0,0,0,0,0.7,1.29,1185
93,10,13.07,18.66,10.42,11.22,0,0,0,4,0,0,2,40.63,0,0,0,0,0,0,0,0,0.7,1.25,1158
94,15,32.7,21.5,15.1,2.1,6,6.3,3.9,12.4,0,0,0,0,0,0,0,0,0,0,0,0,1.52,2.17,820
95,15,32.6,16.5,19.8,2,6.1,6.5,3.8,12.7,0,0,0,0,0,0,0,0,0,0,0,0,1.98,1.65,893
96,15,33.2,11.8,24.6,2.1,6.1,6.8,3.7,11.7,0,0,0,0,0,0,0,0,0,0,0,0,2.81,1.35,911
97,15,31.63,7.01,30.03,2,6.21,6.31,4.1,12.71,0,0,0,0,0,0,0,0,0,0,0,0,4.51,1.05,992
98,15,33.63,2.9,32.03,2.1,6.41,6.51,4,12.41,0,0,0,0,0,0,0,0,0,0,0,0,11.6,1.05,1049
99,25,43.58,5.59,27.93,2.23,0,11.17,6.7,2.79,0,0,0,0,0,0,0,0,0,0,0,0,7.8,1.56,1153
100,25,39.93,5.72,28.6,2.29,0,13.73,6.86,2.86,0,0,0,0,0,0,0,0,0,0,0,0,6.98,1.4,1201
101,25,36.11,5.86,29.31,2.34,0,16.41,7.03,2.93,0,0,0,0,0,0,0,0,0,0,0,0,6.16,1.23,1211
102,25,32.09,6.01,30.05,2.4,0,19.23,7.21,3,0,0,0,0,0,0,0,0,0,0,0,0,5.34,1.07,1236
103,25,44.69,5.59,27.93,2.23,0,11.17,5.59,2.79,0,0,0,0,0,0,0,0,0,0,0,0,7.99,1.6,1181
104,25,42.46,5.59,27.93,2.23,0,11.17,7.82,2.79,0,0,0,0,0,0,0,0,0,0,0,0,7.6,1.52,1101
105,25,41.34,5.59,27.93,2.23,0,11.17,8.94,2.79,0,0,0,0,0,0,0,0,0,0,0,0,7.4,1.48,1178
106,25,37.99,5.59,27.93,2.23,0,11.17,6.7,2.79,0,0,0,0,5.59,0,0,0,0,0,0,0,6.8,1.36,1095
107,25,32.4,5.59,27.93,2.23,0,11.17,6.7,2.79,0,0,0,0,11.17,0,0,0,0,0,0,0,5.8,1.16,1129
108,25,26.82,5.59,27.93,2.23,0,11.17,6.7,2.79,0,0,0,0,16.76,0,0,0,0,0,0,0,4.8,0.96,1155
109,25,21.23,5.59,27.93,2.23,0,11.17,6.7,2.79,0,0,0,0,22.35,0,0,0,0,0,0,0,3.8,0.76,1157
110,25,41.27,5.29,31.75,2.12,0,10.58,6.35,2.65,0,0,0,0,0,0,0,0,0,0,0,0,7.8,1.3,1203
111,25,39.2,5.03,35.18,2.01,0,10.05,6.03,2.51,0,0,0,0,0,0,0,0,0,0,0,0,7.79,1.11,1257
112,25,39.15,5.29,31.75,2.12,0,10.58,8.47,2.65,0,0,0,0,0,0,0,0,0,0,0,0,7.4,1.23,1181
113,25,37.19,5.03,35.18,2.01,0,10.05,8.04,2.51,0,0,0,0,0,0,0,0,0,0,0,0,7.39,1.06,1206
114,25,35.41,4.78,38.28,1.91,0,9.57,7.66,2.39,0,0,0,0,0,0,0,0,0,0,0,0,7.41,0.93,1220
115,25,35.98,5.29,31.75,2.12,0,10.58,6.35,2.65,0,0,0,0,5.29,0,0,0,0,0,0,0,6.8,1.13,1163
116,25,34.17,5.03,35.18,2.01,0,10.05,6.03,2.51,0,0,0,0,5.03,0,0,0,0,0,0,0,6.79,0.97,1207
117,25,32.54,4.78,38.28,1.91,0,9.57,5.74,2.39,0,0,0,0,4.78,0,0,0,0,0,0,0,6.81,0.85,1219
118,25,25.4,5.29,31.75,2.12,0,10.58,6.35,2.65,0,0,0,0,15.87,0,0,0,0,0,0,0,4.8,0.8,1173
119,25,24.12,5.03,35.18,2.01,0,10.05,6.03,2.51,0,0,0,0,15.08,0,0,0,0,0,0,0,4.8,0.69,1180
120,25,22.97,4.78,38.28,1.91,0,9.57,5.74,2.39,0,0,0,0,14.35,0,0,0,0,0,0,0,4.81,0.6,1182
121,15,36.74,6,28.26,4,8,2,1,6,0,0,0,0,8,0,0,0,0,0,0,0,6.12,1.3,1174
122,15,35.61,6,27.39,4,8,4,1,6,0,0,0,0,8,0,0,0,0,0,0,0,5.94,1.3,1125
123,15,34.48,6,26.52,4,8,6,1,6,0,0,0,0,8,0,0,0,0,0,0,0,5.75,1.3,1115
124,15,33.35,6,25.65,4,8,8,1,6,0,0,0,0,8,0,0,0,0,0,0,0,5.56,1.3,1092
125,15,32.22,6,24.78,4,8,10,1,6,0,0,0,0,8,0,0,0,0,0,0,0,5.37,1.3,1088
126,15,31.09,6,23.91,4,8,12,1,6,0,0,0,0,8,0,0,0,0,0,0,0,5.18,1.3,1104
127,15,29.96,6,23.04,4,8,14,1,6,0,0,0,0,8,0,0,0,0,0,0,0,4.99,1.3,1125
128,15,39.24,35.54,3.7,0.9,8.91,0,1,6.51,0,0,0,4.2,0,0,0,0,0,0,0,0,1.1,10.61,1019
129,15,38.38,34.77,3.71,2.3,8.72,0,1.1,6.81,0,0,0,4.21,0,0,0,0,0,0,0,0,1.1,10.35,1024
130,15,37.82,34.23,3.69,3.39,8.98,0,1,6.59,0,0,0,4.29,0,0,0,0,0,0,0,0,1.1,10.25,1027
131,15,37,33.5,3.6,4.9,9,0,1,6.6,0,0,0,4.4,0,0,0,0,0,0,0,0,1.1,10.28,1033
132,15,39.36,35.86,3.7,2.1,8.99,0,1.1,4.7,0,0,0,4.2,0,0,0,0,0,0,0,0,1.1,10.64,1052
133,15,37.39,34.03,3.66,2.08,9,0,1.09,8.51,0,0,0,4.25,0,0,0,0,0,0,0,0,1.1,10.22,984
134,15,36.79,33.2,3.69,2.09,8.37,0,1.1,10.37,0,0,0,4.39,0,0,0,0,0,0,0,0,1.11,9.97,955
135,10,13.07,21.79,11.57,13.79,0,0,0,0,0,0,0,39.78,0,0,0,0,0,0,0,0,0.6,1.13,1223
136,10,12.7,21.16,11.57,13.79,0,0,0,0,0,0,1,39.78,0,0,0,0,0,0,0,0,0.6,1.1,1226
137,10,12.32,20.54,11.57,13.79,0,0,0,0,0,0,2,39.78,0,0,0,0,0,0,0,0,0.6,1.06,1231
138,10,11.57,19.29,11.57,13.79,0,0,0,0,0,0,4,39.78,0,0,0,0,0,0,0,0,0.6,1,1251
139,15,33.27,7,31.42,2.04,3.4,6.32,3.99,12.55,0,0,0,0,0,0,0,0,0,0,0,0,4.75,1.06,997
140,15,31.61,7,29.96,2.04,6.23,6.32,4.09,12.74,0,0,0,0,0,0,0,0,0,0,0,0,4.52,1.06,992
141,15,30.19,7.01,28.92,2.14,8.86,6.52,4.09,12.27,0,0,0,0,0,0,0,0,0,0,0,0,4.31,1.04,906
142,15,28.7,7.05,27.33,2.06,11.85,6.56,4.02,12.44,0,0,0,0,0,0,0,0,0,0,0,0,4.07,1.05,908
143,10,51.61,0,19.05,7.26,0,22.09,0,0,0,0,0,0,0,0,0,0,0,0,0,0,0,2.71,1306
144,10,50.24,0,17.69,9.98,0,22.09,0,0,0,0,0,0,0,0,0,0,0,0,0,0,0,2.84,1314
145,10,48.88,0,16.33,12.7,0,22.09,0,0,0,0,0,0,0,0,0,0,0,0,0,0,0,2.99,1319
146,10,47.07,0,20.86,9.98,0,22.09,0,0,0,0,0,0,0,0,0,0,0,0,0,0,0,2.26,1329
147,10,52.51,0,15.42,9.98,0,22.09,0,0,0,0,0,0,0,0,0,0,0,0,0,0,0,3.41,1282
148,20,53.31,0,21.58,1.82,0,21.48,0,1.82,0,0,0,0,0,0,0,0,0,0,0,0,0,2.47,1373
149,20,52.8,0,21.37,1.82,0,21.28,0,2.73,0,0,0,0,0,0,0,0,0,0,0,0,0,2.47,1363
150,20,51.79,0,20.96,1.82,0,20.86,0,4.56,0,0,0,0,0,0,0,0,0,0,0,0,0,2.47,1345
151,20,50.77,0,20.55,1.83,0,20.45,0,6.4,0,0,0,0,0,0,0,0,0,0,0,0,0,2.47,1338
152,15,44.66,24.14,4,3,6,10.5,1.2,0,1.5,0,0,0,5,0,0,0,0,0,0,0,1.85,11.17,1057
153,15,41.42,22.39,4,3,6,10.5,1.2,0,1.5,0,0,0,10,0,0,0,0,0,0,0,1.85,10.36,1025
154,15,38.17,20.63,4,3,6,10.5,1.2,0,1.5,0,0,0,15,0,0,0,0,0,0,0,1.85,9.54,1023
155,15,43.79,25.02,4,3,6,10.5,1.2,0,1.5,0,0,0,5,0,0,0,0,0,0,0,1.75,10.95,1059
156,15,40.6,23.2,4,3,6,10.5,1.2,0,1.5,0,0,0,10,0,0,0,0,0,0,0,1.75,10.15,1021
157,15,37.42,21.38,4,3,6,10.5,1.2,0,1.5,0,0,0,15,0,0,0,0,0,0,0,1.75,9.36,1023
158,15,42.83,25.96,4,3,6,10.5,1.2,0,1.5,0,0,0,5,0,0,0,0,0,0,0,1.65,10.71,1054
159,15,39.73,24.08,4,3,6,10.5,1.2,0,1.5,0,0,0,10,0,0,0,0,0,0,0,1.65,9.93,1022
160,15,36.61,22.19,4,3,6,10.5,1.2,0,1.5,0,0,0,15,0,0,0,0,0,0,0,1.65,9.15,1018
161,15,41.82,26.98,4,3,6,10.5,1.2,0,1.5,0,0,0,5,0,0,0,0,0,0,0,1.55,10.46,1079
162,15,38.78,25.02,4,3,6,10.5,1.2,0,1.5,0,0,0,10,0,0,0,0,0,0,0,1.55,9.7,1013
163,15,35.74,23.06,4,3,6,10.5,1.2,0,1.5,0,0,0,15,0,0,0,0,0,0,0,1.55,8.94,1005
164,15,40.72,28.08,4,3,6,10.5,1.2,0,1.5,0,0,0,5,0,0,0,0,0,0,0,1.45,10.18,1091
165,15,37.76,26.04,4,3,6,10.5,1.2,0,1.5,0,0,0,10,0,0,0,0,0,0,0,1.45,9.44,1027
166,15,34.8,24,4,3,6,10.5,1.2,0,1.5,0,0,0,15,0,0,0,0,0,0,0,1.45,8.7,1004
167,15,39.53,29.28,4,3,6,10.5,1.2,0,1.5,0,0,0,5,0,0,0,0,0,0,0,1.35,9.88,1093
168,15,36.65,27.15,4,3,6,10.5,1.2,0,1.5,0,0,0,10,0,0,0,0,0,0,0,1.35,9.16,1040
169,15,33.78,25.02,4,3,6,10.5,1.2,0,1.5,0,0,0,15,0,0,0,0,0,0,0,1.35,8.45,1003
170,15,38.23,30.58,4,3,6,10.5,1.2,0,1.5,0,0,0,5,0,0,0,0,0,0,0,1.25,9.56,1113
171,15,35.45,28.36,4,3,6,10.5,1.2,0,1.5,0,0,0,10,0,0,0,0,0,0,0,1.25,8.86,1054
172,15,32.66,26.13,4,3,6,10.5,1.2,0,1.5,0,0,0,15,0,0,0,0,0,0,0,1.25,8.17,1010
173,15,44.92,24.28,4,3,6,10.5,0.8,0,1.5,0,0,0,5,0,0,0,0,0,0,0,1.85,11.23,1072
174,15,44.03,25.16,4,3,6,10.5,0.8,0,1.5,0,0,0,5,0,0,0,0,0,0,0,1.75,11.01,1068
175,15,43.08,26.11,4,3,6,10.5,0.8,0,1.5,0,0,0,5,0,0,0,0,0,0,0,1.65,10.77,1089
176,15,42.07,27.14,4,3,6,10.5,0.8,0,1.5,0,0,0,5,0,0,0,0,0,0,0,1.55,10.52,1092
177,15,40.95,28.24,4,3,6,10.5,0.8,0,1.5,0,0,0,5,0,0,0,0,0,0,0,1.45,10.24,1109
178,15,39.76,29.45,4,3,6,10.5,0.8,0,1.5,0,0,0,5,0,0,0,0,0,0,0,1.35,9.94,1103
179,15,38.45,30.76,4,3,6,10.5,0.8,0,1.5,0,0,0,5,0,0,0,0,0,0,0,1.25,9.61,1120
180,15,38.42,20.77,4,3,6,10.5,0.8,0,1.5,0,0,0,15,0,0,0,0,0,0,0,1.85,9.61,1031
181,15,37.68,21.53,4,3,6,10.5,0.8,0,1.5,0,0,0,15,0,0,0,0,0,0,0,1.75,9.42,1032
182,15,36.86,22.34,4,3,6,10.5,0.8,0,1.5,0,0,0,15,0,0,0,0,0,0,0,1.65,9.22,1033
183,15,35.99,23.22,4,3,6,10.5,0.8,0,1.5,0,0,0,15,0,0,0,0,0,0,0,1.55,9,1013
184,15,35.03,24.16,4,3,6,10.5,0.8,0,1.5,0,0,0,15,0,0,0,0,0,0,0,1.45,8.76,1009
185,15,34.01,25.19,4,3,6,10.5,0.8,0,1.5,0,0,0,15,0,0,0,0,0,0,0,1.35,8.5,1012
186,15,32.89,26.31,4,3,6,10.5,0.8,0,1.5,0,0,0,15,0,0,0,0,0,0,0,1.25,8.22,1037
187,10,19,42,0,0,0,0,0,0,0,0,0,0,0,0,0,39,0,0,0,0,0.45,0,1223
188,10,18.81,41.58,0,0,0,0,0,0,0,0,0.99,0,0,0,0,38.61,0,0,0,0,0.45,0,1193
189,10,18.45,40.78,0,0,0,0,0,0,0,0,2.91,0,0,0,0,37.86,0,0,0,0,0.45,0,1243
190,10,18.1,40,0,0,0,0,0,0,0,0,4.76,0,0,0,0,37.14,0,0,0,0,0.45,0,1257
191,10,17.76,39.25,0,0,0,0,0,0,0,0,6.54,0,0,0,0,36.45,0,0,0,0,0.45,0,1335
192,10,17.27,38.18,0,0,0,0,0,0,0,0,9.09,0,0,0,0,35.45,0,0,0,0,0.45,0,1354
193,25,45,36,4,2,8,0,1,4,0,0,0,0,0,0,0,0,0,0,0,0,1.25,11.25,1210
194,25,43.89,35.11,4,2,8,0,1,6,0,0,0,0,0,0,0,0,0,0,0,0,1.25,10.97,1134
195,25,42.78,34.22,4,2,8,0,1,8,0,0,0,0,0,0,0,0,0,0,0,0,1.25,10.7,1115
196,25,41.67,33.33,4,2,8,0,1,10,0,0,0,0,0,0,0,0,0,0,0,0,1.25,10.42,1087
197,25,40.56,32.44,4,2,8,0,1,12,0,0,0,0,0,0,0,0,0,0,0,0,1.25,10.14,1066
198,5,38,0,38,0,8,0,8,8,0,0,0,0,0,0,0,0,0,0,0,0,0,1,1163
199,5,37,0,37,0,8,0,8,10,0,0,0,0,0,0,0,0,0,0,0,0,0,1,1143
200,5,36,0,36,0,8,0,8,12,0,0,0,0,0,0,0,0,0,0,0,0,0,1,1134
201,5,37,0,37,0,10,0,8,8,0,0,0,0,0,0,0,0,0,0,0,0,0,1,1129
202,5,36,0,36,0,12,0,8,8,0,0,0,0,0,0,0,0,0,0,0,0,0,1,1122
203,5,40,0,36,0,8,0,8,8,0,0,0,0,0,0,0,0,0,0,0,0,0,1.11,1134
204,15,36.67,5,33.33,0,5,10,5,5,0,0,0,0,0,0,0,0,0,0,0,0,7.33,1.1,1179
205,15,35.62,5,32.38,0,5,10,5,5,0,0,0,0,2,0,0,0,0,0,0,0,7.12,1.1,1177
206,15,34.57,5,31.43,0,5,10,5,5,0,0,0,0,4,0,0,0,0,0,0,0,6.91,1.1,1171
207,15,33.52,5,30.48,0,5,10,5,5,0,0,0,0,6,0,0,0,0,0,0,0,6.7,1.1,1163
208,15,32.48,5,29.52,0,5,10,5,5,0,0,0,0,8,0,0,0,0,0,0,0,6.5,1.1,1161
209,15,31.43,5,28.57,0,5,10,5,5,0,0,0,0,10,0,0,0,0,0,0,0,6.29,1.1,1141
210,15,35.62,5,32.38,2,5,10,5,5,0,0,0,0,0,0,0,0,0,0,0,0,7.12,1.1,1166
211,15,34.57,5,31.43,4,5,10,5,5,0,0,0,0,0,0,0,0,0,0,0,0,6.91,1.1,1153
212,15,33.52,5,30.48,6,5,10,5,5,0,0,0,0,0,0,0,0,0,0,0,0,6.7,1.1,1136
213,15,32.48,5,29.52,8,5,10,5,5,0,0,0,0,0,0,0,0,0,0,0,0,6.5,1.1,1153
214,15,39.57,5,30.43,0,5,10,5,5,0,0,0,0,0,0,0,0,0,0,0,0,7.91,1.3,1173
215,15,38.43,5,29.57,0,5,10,5,5,0,0,0,0,2,0,0,0,0,0,0,0,7.69,1.3,1170
216,15,37.3,5,28.7,0,5,10,5,5,0,0,0,0,4,0,0,0,0,0,0,0,7.46,1.3,1164
217,15,36.17,5,27.83,0,5,10,5,5,0,0,0,0,6,0,0,0,0,0,0,0,7.23,1.3,1160
218,15,35.04,5,26.96,0,5,10,5,5,0,0,0,0,8,0,0,0,0,0,0,0,7.01,1.3,1156
219,15,33.91,5,26.09,0,5,10,5,5,0,0,0,0,10,0,0,0,0,0,0,0,6.78,1.3,1147
220,15,38.43,5,29.57,2,5,10,5,5,0,0,0,0,0,0,0,0,0,0,0,0,7.69,1.3,1150
221,15,37.3,5,28.7,4,5,10,5,5,0,0,0,0,0,0,0,0,0,0,0,0,7.46,1.3,1159
222,15,36.17,5,27.83,6,5,10,5,5,0,0,0,0,0,0,0,0,0,0,0,0,7.23,1.3,1179
223,15,35.04,5,26.96,8,5,10,5,5,0,0,0,0,0,0,0,0,0,0,0,0,7.01,1.3,1183
224,10,42.5,5,42.5,5,0,0,0,0,0,0,0,0,0,0,0,0,0,0,5,0,8.5,1,1321
225,10,40.5,5,40.5,5,0,0,0,0,0,0,0,0,0,0,0,0,0,0,9,0,8.1,1,1306
226,10,38.5,5,38.5,5,0,0,0,0,0,0,0,0,0,0,0,0,0,0,13,0,7.7,1,1304
227,10,36.5,5,36.5,5,0,0,0,0,0,0,0,0,0,0,0,0,0,0,17,0,7.3,1,1301
228,10,37.89,5,42.11,5,0,0,0,0,0,0,0,0,0,0,0,0,0,0,10,0,7.58,0.9,1340
229,10,41.9,5,38.1,5,0,0,0,0,0,0,0,0,0,0,0,0,0,0,10,0,8.38,1.1,1317
230,10,43.64,5,36.36,5,0,0,0,0,0,0,0,0,0,0,0,0,0,0,10,0,8.73,1.2,1315
231,10,45.22,5,34.78,5,0,0,0,0,0,0,0,0,0,0,0,0,0,0,10,0,9.04,1.3,1309
232,10,39.79,4.95,28.83,0,0,7.19,4.65,9.89,0,0,0,0,4.7,0,0,0,0,0,0,0,8.04,1.38,1070
233,10,38.8,4.95,32.83,0,0,6.96,4.85,6.2,0,0.65,0,0,4.76,0,0,0,0,0,0,0,7.84,1.18,1097
234,10,39.02,4.55,35.25,0,0,6.85,4.21,5.06,0,0.92,0,0,4.14,0,0,0,0,0,0,0,8.58,1.11,1123
235,10,38.53,3.6,37.51,0,0,6.9,4.2,4,0,0.94,0,0,4.3,0,0,0,0,0,0,0,10.7,1.03,1135
236,25,44.14,34.76,1.94,2.42,8.71,7.54,0.48,0,0,0,0,0,0,0,0,0,0,0,0,0,1.27,22.75,1120
237,25,45.88,33.02,1.94,2.42,8.71,7.54,0.48,0,0,0,0,0,0,0,0,0,0,0,0,0,1.39,23.65,1141
238,25,46.66,32.24,1.94,2.42,8.71,7.54,0.48,0,0,0,0,0,0,0,0,0,0,0,0,0,1.45,24.05,1122
239,25,48.11,30.79,1.94,2.42,8.71,7.54,0.48,0,0,0,0,0,0,0,0,0,0,0,0,0,1.56,24.8,1159
240,25,48.79,30.11,1.94,2.42,8.71,7.54,0.48,0,0,0,0,0,0,0,0,0,0,0,0,0,1.62,25.15,1143
241,25,49.47,29.43,1.94,2.42,8.71,7.54,0.48,0,0,0,0,0,0,0,0,0,0,0,0,0,1.68,25.5,1124
242,25,50.05,28.85,1.94,2.42,8.71,7.54,0.48,0,0,0,0,0,0,0,0,0,0,0,0,0,1.73,25.8,1134
243,25,50.63,28.27,1.94,2.42,8.71,7.54,0.48,0,0,0,0,0,0,0,0,0,0,0,0,0,1.79,26.1,1160
244,25,49.17,32.34,1.96,2.45,8.82,4.77,0.49,0,0,0,0,0,0,0,0,0,0,0,0,0,1.52,25.09,1155
245,25,49.2,31.42,1.95,2.44,8.78,5.71,0.49,0,0,0,0,0,0,0,0,0,0,0,0,0,1.57,25.23,1123
246,25,49.63,27.57,1.92,2.4,8.65,9.36,0.48,0,0,0,0,0,0,0,0,0,0,0,0,0,1.8,25.85,1116
247,25,50.53,30.31,1.94,2.42,6.78,7.54,0.48,0,0,0,0,0,0,0,0,0,0,0,0,0,1.67,26.05,1180
248,25,49.95,29.92,1.94,2.42,7.75,7.54,0.48,0,0,0,0,0,0,0,0,0,0,0,0,0,1.67,25.75,1139
249,25,48.89,29.05,1.94,2.42,9.68,7.54,0.48,0,0,0,0,0,0,0,0,0,0,0,0,0,1.68,25.2,1083
250,25,48.31,28.66,1.94,2.42,10.65,7.54,0.48,0,0,0,0,0,0,0,0,0,0,0,0,0,1.69,24.9,1105
251,25,50.24,30.11,1.94,0.97,8.71,7.54,0.48,0,0,0,0,0,0,0,0,0,0,0,0,0,1.67,25.9,1137
252,25,49.95,29.92,1.94,1.45,8.71,7.54,0.48,0,0,0,0,0,0,0,0,0,0,0,0,0,1.67,25.75,1116
253,25,49.66,29.73,1.94,1.94,8.71,7.54,0.48,0,0,0,0,0,0,0,0,0,0,0,0,0,1.67,25.6,1119
254,25,49.18,29.24,1.94,2.9,8.71,7.54,0.48,0,0,0,0,0,0,0,0,0,0,0,0,0,1.68,25.35,1129
255,25,43.67,30.12,4.23,3.61,7.15,10.61,0.03,0,0.58,0,0,0,0,0,0,0,0,0,0,0,1.45,10.32,1111
256,25,46.91,27.27,4.93,2.02,5.94,10.21,2.37,0,0.35,0,0,0,0,0,0,0,0,0,0,0,1.72,9.52,1100
257,25,42,33.6,4.3,1.5,6.5,9.8,2.3,0,0,0,0,0,0,0,0,0,0,0,0,0,1.25,9.77,1101
258,25,43.43,32.17,4.3,1.5,6.5,9.8,2.3,0,0,0,0,0,0,0,0,0,0,0,0,0,1.35,10.1,1101
259,25,44.74,30.86,4.3,1.5,6.5,9.8,2.3,0,0,0,0,0,0,0,0,0,0,0,0,0,1.45,10.4,1087
260,25,45.95,29.65,4.3,1.5,6.5,9.8,2.3,0,0,0,0,0,0,0,0,0,0,0,0,0,1.55,10.69,1080
261,25,47.07,28.53,4.3,1.5,6.5,9.8,2.3,0,0,0,0,0,0,0,0,0,0,0,0,0,1.65,10.95,1075
262,25,48.11,27.49,4.3,1.5,6.5,9.8,2.3,0,0,0,0,0,0,0,0,0,0,0,0,0,1.75,11.19,1067
263,25,15.4,47.8,3.35,1.67,11.15,11.15,2.23,0,0,7.25,0,0,0,0,0,0,0,0,0,0,0.32,4.6,984
264,25,14.95,46.84,5.62,1.12,11.24,11.24,2.25,0,0,6.74,0,0,0,0,0,0,0,0,0,0,0.32,2.66,991
265,25,13.98,42.99,11.18,1.68,11.18,11.18,2.24,0,0,5.59,0,0,0,0,0,0,0,0,0,0,0.33,1.25,1000
266,25,13.51,38.99,16.77,1.68,11.18,11.18,2.24,0,0,4.47,0,0,0,0,0,0,0,0,0,0,0.35,0.81,1030
267,25,15.16,32.87,22.35,1.68,11.18,11.18,2.24,0,0,3.35,0,0,0,0,0,0,0,0,0,0,0.46,0.68,1119
268,25,16.16,27.39,27.94,1.68,11.18,11.18,2.24,0,0,2.24,0,0,0,0,0,0,0,0,0,0,0.59,0.58,1170
269,25,16.12,22.97,33.53,1.68,11.18,11.18,2.24,0,0,1.12,0,0,0,0,0,0,0,0,0,0,0.7,0.48,1250
270,25,13.54,47.9,3.35,1.68,8.94,11.18,6.15,0,0,7.27,0,0,0,0,0,0,0,0,0,0,0.28,4.04,912
271,25,13.19,46.57,5.59,1.68,8.94,11.18,6.15,0,0,6.71,0,0,0,0,0,0,0,0,0,0,0.28,2.36,925
272,25,12.31,42.99,11.18,1.68,8.94,11.18,6.15,0,0,5.59,0,0,0,0,0,0,0,0,0,0,0.29,1.1,950
273,25,11.84,38.99,16.77,1.68,8.94,11.18,6.15,0,0,4.47,0,0,0,0,0,0,0,0,0,0,0.3,0.71,993
274,25,13.48,32.87,22.35,1.68,8.94,11.18,6.15,0,0,3.35,0,0,0,0,0,0,0,0,0,0,0.41,0.6,1056
275,25,14.49,27.39,27.94,1.68,8.94,11.18,6.15,0,0,2.24,0,0,0,0,0,0,0,0,0,0,0.53,0.52,1116
276,25,14.44,22.97,33.53,1.68,8.94,11.18,6.15,0,0,1.12,0,0,0,0,0,0,0,0,0,0,0.63,0.43,1188
277,25,10.74,47.9,3.35,1.68,8.94,11.18,0,8.94,0,7.27,0,0,0,0,0,0,0,0,0,0,0.22,3.21,923
278,25,10.39,46.57,5.59,1.68,8.94,11.18,0,8.94,0,6.71,0,0,0,0,0,0,0,0,0,0,0.22,1.86,928
279,25,9.51,42.99,11.18,1.68,8.94,11.18,0,8.94,0,5.59,0,0,0,0,0,0,0,0,0,0,0.22,0.85,924
280,25,9.04,38.99,16.77,1.68,8.94,11.18,0,8.94,0,4.47,0,0,0,0,0,0,0,0,0,0,0.23,0.54,937
281,25,10.69,32.87,22.35,1.68,8.94,11.18,0,8.94,0,3.35,0,0,0,0,0,0,0,0,0,0,0.33,0.48,968
282,25,11.69,27.39,27.94,1.68,8.94,11.18,0,8.94,0,2.24,0,0,0,0,0,0,0,0,0,0,0.43,0.42,1016
283,25,11.65,22.97,33.53,1.68,8.94,11.18,0,8.94,0,1.12,0,0,0,0,0,0,0,0,0,0,0.51,0.35,1061
284,25,9.62,47.9,3.35,1.68,8.94,11.18,4.47,5.59,0,7.27,0,0,0,0,0,0,0,0,0,0,0.2,2.87,890
285,25,9.28,46.57,5.59,1.68,8.94,11.18,4.47,5.59,0,6.71,0,0,0,0,0,0,0,0,0,0,0.2,1.66,895
286,25,8.39,42.99,11.18,1.68,8.94,11.18,4.47,5.59,0,5.59,0,0,0,0,0,0,0,0,0,0,0.2,0.75,923
287,25,7.92,38.99,16.77,1.68,8.94,11.18,4.47,5.59,0,4.47,0,0,0,0,0,0,0,0,0,0,0.2,0.47,957
288,25,9.57,32.87,22.35,1.68,8.94,11.18,4.47,5.59,0,3.35,0,0,0,0,0,0,0,0,0,0,0.29,0.43,988
289,25,10.57,27.39,27.94,1.68,8.94,11.18,4.47,5.59,0,2.24,0,0,0,0,0,0,0,0,0,0,0.39,0.38,1125
290,25,10.53,22.97,33.53,1.68,8.94,11.18,4.47,5.59,0,1.12,0,0,0,0,0,0,0,0,0,0,0.46,0.31,1148
291,25,40.25,40.25,0,4.11,5.13,0,1.03,4.11,0,4.11,0,1.03,0,0,0,0,0,0,0,0,1,0,1090
292,25,39.15,39.15,0,4.13,5.17,0,1.03,4.13,0,4.13,0,3.1,0,0,0,0,0,0,0,0,1,0,1106
293,25,38.1,38.1,0,4.14,5.18,0,1.04,4.14,0,4.14,0,5.18,0,0,0,0,0,0,0,0,1,0,1123
294,25,36.99,36.99,0,4.16,5.2,0,1.04,4.16,0,4.16,0,7.28,0,0,0,0,0,0,0,0,1,0,1133
295,25,35.92,35.92,0,4.17,5.21,0,1.04,4.17,0,4.17,0,9.38,0,0,0,0,0,0,0,0,1,0,1119
296,25,37.81,37.81,0,4.15,5.19,0,0.52,4.15,0,4.15,0,6.22,0,0,0,0,0,0,0,0,1,0,1139
297,25,37.29,37.29,0,4.15,5.19,0,1.56,4.15,0,4.15,0,6.22,0,0,0,0,0,0,0,0,1,0,1110
298,25,37.03,37.03,0,4.15,5.19,0,2.07,4.15,0,4.15,0,6.22,0,0,0,0,0,0,0,0,1,0,1099
299,25,36.77,36.77,0,4.15,5.19,0,2.59,4.15,0,4.15,0,6.22,0,0,0,0,0,0,0,0,1,0,1083
300,25,39.11,39.11,0,4.15,2.07,0,1.04,4.15,0,4.15,0,6.22,0,0,0,0,0,0,0,0,1,0,1139
301,25,38.07,38.07,0,4.15,4.15,0,1.04,4.15,0,4.15,0,6.22,0,0,0,0,0,0,0,0,1,0,1133
302,25,37.03,37.03,0,4.15,6.22,0,1.04,4.15,0,4.15,0,6.22,0,0,0,0,0,0,0,0,1,0,1131
303,25,36,36,0,4.15,8.3,0,1.04,4.15,0,4.15,0,6.22,0,0,0,0,0,0,0,0,1,0,1117
304,25,34.96,34.96,0,4.15,10.37,0,1.04,4.15,0,4.15,0,6.22,0,0,0,0,0,0,0,0,1,0,1131
305,25,38.07,38.07,0,3.11,5.19,0,1.04,4.15,0,4.15,0,6.22,0,0,0,0,0,0,0,0,1,0,1118
306,25,37.03,37.03,0,5.19,5.19,0,1.04,4.15,0,4.15,0,6.22,0,0,0,0,0,0,0,0,1,0,1136
307,25,36.51,36.51,0,6.22,5.19,0,1.04,4.15,0,4.15,0,6.22,0,0,0,0,0,0,0,0,1,0,1142
308,25,35.48,35.48,0,8.3,5.19,0,1.04,4.15,0,4.15,0,6.22,0,0,0,0,0,0,0,0,1,0,1140
309,25,38.59,38.59,0,4.15,5.19,0,1.04,2.07,0,4.15,0,6.22,0,0,0,0,0,0,0,0,1,0,1165
310,25,37.55,37.55,0,4.15,5.19,0,1.04,4.15,0,4.15,0,6.22,0,0,0,0,0,0,0,0,1,0,1126
311,25,36.51,36.51,0,4.15,5.19,0,1.04,6.22,0,4.15,0,6.22,0,0,0,0,0,0,0,0,1,0,1078
312,25,35.48,35.48,0,4.15,5.19,0,1.04,8.3,0,4.15,0,6.22,0,0,0,0,0,0,0,0,1,0,1048
313,25,34.44,34.44,0,4.15,5.19,0,1.04,10.37,0,4.15,0,6.22,0,0,0,0,0,0,0,0,1,0,1018
314,25,38.59,38.59,0,4.15,5.19,0,1.04,4.15,0,2.07,0,6.22,0,0,0,0,0,0,0,0,1,0,1120
315,25,38.07,38.07,0,4.15,5.19,0,1.04,4.15,0,3.11,0,6.22,0,0,0,0,0,0,0,0,1,0,1130
316,25,37.03,37.03,0,4.15,5.19,0,1.04,4.15,0,5.19,0,6.22,0,0,0,0,0,0,0,0,1,0,1118
317,25,36.51,36.51,0,4.15,5.19,0,1.04,4.15,0,6.22,0,6.22,0,0,0,0,0,0,0,0,1,0,1101
318,25,28.18,46.91,0,4.15,5.19,0,1.04,4.15,0,4.15,0,6.23,0,0,0,0,0,0,0,0,0.6,0,1048
319,25,33.38,41.72,0,4.15,5.19,0,1.04,4.15,0,4.15,0,6.22,0,0,0,0,0,0,0,0,0.8,0,1088
320,25,35.58,39.52,0,4.15,5.19,0,1.04,4.15,0,4.15,0,6.22,0,0,0,0,0,0,0,0,0.9,0,1095
321,25,40.87,34.23,0,4.15,5.19,0,1.04,4.15,0,4.15,0,6.22,0,0,0,0,0,0,0,0,1.19,0,1119
322,15,34.91,5,29.09,0,5,10,5,5,0,0,0,0,6,0,0,0,0,0,0,0,6.98,1.2,1194
323,15,37.33,5,26.67,0,5,10,5,5,0,0,0,0,6,0,0,0,0,0,0,0,7.47,1.4,1137
324,10,42.5,0,42.5,0,0,0,0,15,0,0,0,0,0,0,0,0,0,0,0,0,0,1,1241
325,25,28.04,46.74,8,3.07,6.85,3.48,0,0,0,0,0,0.39,3.43,0,0,0,0,0,0,0,0.6,3.51,1166
326,25,27.49,45.82,7.84,3.01,6.72,3.41,0,0,0,0,0,2.34,3.36,0,0,0,0,0,0,0,0.6,3.51,1156
327,25,26.96,44.94,7.69,2.95,6.59,3.35,0,0,0,0,0,4.22,3.3,0,0,0,0,0,0,0,0.6,3.51,1149
328,25,26.45,44.09,7.55,2.9,6.46,3.28,0,0,0,0,0,6.03,3.24,0,0,0,0,0,0,0,0.6,3.5,1144
329,25,25.96,43.28,7.41,2.84,6.34,3.22,0,0,0,0,0,7.77,3.18,0,0,0,0,0,0,0,0.6,3.5,1139
330,25,25.49,42.49,7.27,2.79,6.23,3.16,0,0,0,0,0,9.45,3.12,0,0,0,0,0,0,0,0.6,3.51,1129
331,25,31.36,44.79,6.89,3.18,6.72,3.58,0,0,0,0,0,0.34,3.14,0,0,0,0,0,0,0,0.7,4.55,1173
332,25,30.75,43.91,6.75,3.12,6.59,3.51,0,0,0,0,0,2.29,3.08,0,0,0,0,0,0,0,0.7,4.56,1166
333,25,30.15,43.07,6.63,3.06,6.46,3.44,0,0,0,0,0,4.17,3.02,0,0,0,0,0,0,0,0.7,4.55,1165
334,25,29.58,42.25,6.5,3,6.34,3.38,0,0,0,0,0,5.98,2.96,0,0,0,0,0,0,0,0.7,4.55,1167
335,7.5,48.25,0,32.17,0,0,0,9.47,10.11,0,0,0,0,0,0,0,0,0,0,0,0,0,1.5,1067
336,7.5,46.33,0,30.89,0,0,0,9.09,9.67,0,0,0,0,0,0,0,0,0,0,4.02,0,0,1.5,1079
337,7.5,44.21,0,29.48,0,0,0,8.68,9.63,0,0,0,0,0,0,0,0,0,0,8,0,0,1.5,1111
338,7.5,42.29,0,28.2,0,0,0,8.3,9.21,0,0,0,0,0,0,0,0,0,0,12,0,0,1.5,1135
339,25,38.77,9.61,24.98,0,0,9.36,0,7.68,0,0,0,0,9.61,0,0,0,0,0,0,0,4.03,1.55,1249
340,25,38.77,9.61,24.98,0,0,9.36,1.92,5.76,0,0,0,0,9.61,0,0,0,0,0,0,0,4.03,1.55,1188
341,25,38.77,9.61,24.98,0,0,9.36,3.84,3.84,0,0,0,0,9.61,0,0,0,0,0,0,0,4.03,1.55,1157
342,25,38.77,9.61,24.98,0,0,9.36,5.76,1.92,0,0,0,0,9.61,0,0,0,0,0,0,0,4.03,1.55,1207
343,25,46,33.97,3.86,0,7.97,8.19,0,0,0,0,0,0,0,0,0,0,0,0,0,0,1.35,11.92,1184
344,25,44.88,33.16,3.86,1.93,7.97,8.19,0,0,0,0,0,0,0,0,0,0,0,0,0,0,1.35,11.63,1148
345,25,43.76,32.35,3.86,3.86,7.98,8.19,0,0,0,0,0,0,0,0,0,0,0,0,0,0,1.35,11.34,1115
346,25,42.64,31.54,3.86,5.79,7.97,8.19,0,0,0,0,0,0,0,0,0,0,0,0,0,0,1.35,11.05,1109
347,25,42.08,31.14,3.86,6.76,7.98,8.19,0,0,0,0,0,0,0,0,0,0,0,0,0,0,1.35,10.9,1132
348,25,41.51,30.74,3.86,7.72,7.97,8.19,0,0,0,0,0,0,0,0,0,0,0,0,0,0,1.35,10.75,1176
349,15,40,7,31,3,12,0,3.5,3.5,0,0,0,0,0,0,0,0,0,0,0,0,5.71,1.29,1140
350,15,42.5,7,30,3,12,0,3.5,2,0,0,0,0,0,0,0,0,0,0,0,0,6.07,1.42,1106
351,25,60.93,4.9,21.56,7.84,0,4.77,0,0,0,0,0,0,0,0,0,0,0,0,0,0,12.43,2.83,1376
352,25,59.76,4.92,23.61,7.87,0,3.84,0,0,0,0,0,0,0,0,0,0,0,0,0,0,12.15,2.53,1389
353,25,58.59,4.94,25.68,7.9,0,2.88,0,0,0,0,0,0,0,0,0,0,0,0,0,0,11.86,2.28,1415
354,25,57.4,4.96,27.77,7.93,0,1.93,0,0,0,0,0,0,0,0,0,0,0,0,0,0,11.57,2.07,1433
355,25,56.21,4.98,29.88,7.97,0,0.97,0,0,0,0,0,0,0,0,0,0,0,0,0,0,11.29,1.88,1432
356,25,55,5,32,8,0,0,0,0,0,0,0,0,0,0,0,0,0,0,0,0,11,1.72,1425
357,25,59.76,6.89,21.65,7.87,0,3.84,0,0,0,0,0,0,0,0,0,0,0,0,0,0,8.67,2.76,1393
358,25,58.59,8.89,21.73,7.9,0,2.88,0,0,0,0,0,0,0,0,0,0,0,0,0,0,6.59,2.7,1425
359,25,57.4,10.91,21.82,7.93,0,1.93,0,0,0,0,0,0,0,0,0,0,0,0,0,0,5.26,2.63,1437
360,25,56.21,12.95,21.91,7.97,0,0.97,0,0,0,0,0,0,0,0,0,0,0,0,0,0,4.34,2.57,1437
361,25,55,15,22,8,0,0,0,0,0,0,0,0,0,0,0,0,0,0,0,0,3.67,2.5,1455
362,25,59.76,4.92,21.65,7.87,0,3.84,0,1.97,0,0,0,0,0,0,0,0,0,0,0,0,12.15,2.76,1358
363,25,58.59,4.94,21.73,7.9,0,2.88,0,3.95,0,0,0,0,0,0,0,0,0,0,0,0,11.86,2.7,1319
364,25,57.4,4.96,21.82,7.93,0,1.93,0,5.95,0,0,0,0,0,0,0,0,0,0,0,0,11.57,2.63,1311
365,25,56.21,4.98,21.91,7.97,0,0.97,0,7.97,0,0,0,0,0,0,0,0,0,0,0,0,11.29,2.57,1290
366,25,55,5,22,8,0,0,0,10,0,0,0,0,0,0,0,0,0,0,0,0,11,2.5,1288
367,25,41.64,41.64,4.4,0,5.41,6.01,0.9,0,0,0,0,0,0,0,0,0,0,0,0,0,1,9.46,1140
368,25,26.67,7.89,27.67,0,5,11.89,4,4,0,0,0,0,12.89,0,0,0,0,0,0,0,3.38,0.96,1172
369,25,36,0,34,0,0,8,8,0,0,0,0,0,14,0,0,0,0,0,0,0,0,1.06,1087
370,25,32,0,34,0,0,8,8,0,0,0,0,0,18,0,0,0,0,0,0,0,0,0.94,1096
371,25,28,0,34,0,0,8,8,0,0,0,0,0,22,0,0,0,0,0,0,0,0,0.82,1114
372,25,24,0,34,0,0,8,8,0,0,0,0,0,26,0,0,0,0,0,0,0,0,0.71,1119
373,25,28,0,30,0,0,8,8,0,0,0,0,0,26,0,0,0,0,0,0,0,0,0.93,1114
374,25,32,0,26,0,0,8,8,0,0,0,0,0,26,0,0,0,0,0,0,0,0,1.23,1080
375,25,39.21,33.22,7.23,1.76,10.72,7.3,0,0,0.57,0,0,0,0,0,0,0,0,0,0,0,1.18,5.42,1105
376,25,48.15,27.52,1.92,2.87,5.75,10.06,2.3,0,1.44,0,0,0,0,0,0,0,0,0,0,0,1.75,25.08,1058
377,25,46.94,26.82,3.83,2.87,5.75,10.06,2.3,0,1.44,0,0,0,0,0,0,0,0,0,0,0,1.75,12.26,1068
378,25,45.72,26.13,5.75,2.87,5.75,10.06,2.3,0,1.44,0,0,0,0,0,0,0,0,0,0,0,1.75,7.95,1077
379,25,44.5,25.43,7.66,2.87,5.75,10.06,2.3,0,1.44,0,0,0,0,0,0,0,0,0,0,0,1.75,5.81,1090
380,10,42.86,4.76,42.86,4.76,0,0,0,0,0,0,0,0,0,0,0,0,0,0,4.76,0,9,1,1321
381,10,40.91,4.55,40.91,4.55,0,0,0,0,0,0,0,0,0,0,0,0,0,0,9.09,0,8.99,1,1305
382,10,39.13,4.35,39.13,4.35,0,0,0,0,0,0,0,0,0,0,0,0,0,0,13.04,0,9,1,1304
383,10,37.5,4.17,37.5,4.17,0,0,0,0,0,0,0,0,0,0,0,0,0,0,16.67,0,8.99,1,1301
384,10,39.5,0,39.5,0,10,0,3,8,0,0,0,0,0,0,0,0,0,0,0,0,0,1,1260
385,10,40.04,0,37.2,0,9.92,1.93,2.98,7.93,0,0,0,0,0,0,0,0,0,0,0,0,0,1.08,1237
386,10,40.57,0,34.93,0,9.84,3.84,2.95,7.87,0,0,0,0,0,0,0,0,0,0,0,0,0,1.16,1224
387,10,41.1,0,32.69,0,9.76,5.71,2.93,7.81,0,0,0,0,0,0,0,0,0,0,0,0,0,1.26,1218
388,10,38.61,3.94,32.96,0,9.84,3.84,2.95,7.87,0,0,0,0,0,0,0,0,0,0,0,0,9.8,1.17,1189
389,10,36.64,7.87,30.99,0,9.84,3.84,2.95,7.87,0,0,0,0,0,0,0,0,0,0,0,0,4.66,1.18,1129
390,10,34.67,11.81,29.02,0,9.84,3.84,2.95,7.87,0,0,0,0,0,0,0,0,0,0,0,0,2.94,1.19,1117
391,10,32.7,3.94,32.96,0,9.84,3.84,2.95,7.87,0,0,0,0,5.9,0,0,0,0,0,0,0,8.3,0.99,1171
392,10,26.8,3.94,32.96,0,9.84,3.84,2.95,7.87,0,0,0,0,11.81,0,0,0,0,0,0,0,6.8,0.81,1148
393,10,20.9,3.94,32.96,0,9.84,3.84,2.95,7.87,0,0,0,0,17.71,0,0,0,0,0,0,0,5.3,0.63,1145
394,25,28.95,35.5,7.82,2.93,7.82,5.24,0,0,0,0,0,7.82,3.91,0,0,0,0,0,0,0,0.82,3.7,1111
395,25,36.08,28.36,7.82,2.93,7.82,5.24,0,0,0,0,0,7.82,3.91,0,0,0,0,0,0,0,1.27,4.61,1136
396,25,38.63,25.82,7.82,2.93,7.82,5.24,0,0,0,0,0,7.82,3.91,0,0,0,0,0,0,0,1.5,4.94,1161
397,25,33.15,35.2,0,2.93,7.82,5.24,0,0,0,0,0,11.73,3.91,0,0,0,0,0,0,0,0.94,0,1095
398,25,33.15,31.29,3.91,2.93,7.82,5.24,0,0,0,0,0,11.73,3.91,0,0,0,0,0,0,0,1.06,8.48,1100
399,25,33.15,25.43,9.78,2.93,7.82,5.24,0,0,0,0,0,11.73,3.91,0,0,0,0,0,0,0,1.3,3.39,1164
400,25,33.15,23.47,11.73,2.93,7.82,5.24,0,0,0,0,0,11.73,3.91,0,0,0,0,0,0,0,1.41,2.83,1172
401,25,34.26,35.46,1,4.74,10.32,3.16,0,0,0,4.74,0,0,6.32,0,0,0,0,0,0,0,0.97,34.26,1126
402,25,38.25,39.59,1,4.74,10.32,3.16,0,0,0,1.26,0,0,1.68,0,0,0,0,0,0,0,0.97,38.25,1147
403,25,37.68,39,1,1.26,10.32,3.16,0,0,0,1.26,0,0,6.32,0,0,0,0,0,0,0,0.97,37.68,1093
404,25,38.25,39.59,1,1.26,10.32,3.16,0,0,0,4.74,0,0,1.68,0,0,0,0,0,0,0,0.97,38.25,1103
405,25,37.1,38.41,1,4.74,10.32,0.84,0,0,0,1.26,0,0,6.32,0,0,0,0,0,0,0,0.97,37.1,1214
406,25,37.67,39,1,4.74,10.32,0.84,0,0,0,4.74,0,0,1.68,0,0,0,0,0,0,0,0.97,37.67,1204
407,25,37.1,38.41,1,1.26,10.32,0.84,0,0,0,4.74,0,0,6.32,0,0,0,0,0,0,0,0.97,37.1,1145
408,25,41.09,42.54,1,1.26,10.32,0.84,0,0,0,1.26,0,0,1.68,0,0,0,0,0,0,0,0.97,41.09,1198
409,25,38.25,39.59,1,4.74,5.68,3.16,0,0,0,1.26,0,0,6.32,0,0,0,0,0,0,0,0.97,38.25,1161
410,25,38.82,40.18,1,4.74,5.68,3.16,0,0,0,4.74,0,0,1.68,0,0,0,0,0,0,0,0.97,38.82,1180
411,25,38.25,39.59,1,1.26,5.68,3.16,0,0,0,4.74,0,0,6.32,0,0,0,0,0,0,0,0.97,38.25,1115
412,25,42.24,43.72,1,1.26,5.68,3.16,0,0,0,1.26,0,0,1.68,0,0,0,0,0,0,0,0.97,42.24,1248
413,25,37.67,39,1,4.74,5.68,0.84,0,0,0,4.74,0,0,6.32,0,0,0,0,0,0,0,0.97,37.67,1205
414,25,41.66,43.13,1,4.74,5.68,0.84,0,0,0,1.26,0,0,1.68,0,0,0,0,0,0,0,0.97,41.66,1258
415,25,41.09,42.54,1,1.26,5.68,0.84,0,0,0,1.26,0,0,6.32,0,0,0,0,0,0,0,0.97,41.09,1156
416,25,41.66,43.13,1,1.26,5.68,0.84,0,0,0,4.74,0,0,1.68,0,0,0,0,0,0,0,0.97,41.66,1172
417,25,30.99,42.21,1,4.74,10.32,3.16,0,0,0,1.26,0,0,6.32,0,0,0,0,0,0,0,0.73,30.99,1131
418,25,31.48,42.88,1,4.74,10.32,3.16,0,0,0,4.74,0,0,1.68,0,0,0,0,0,0,0,0.73,31.48,1131
419,25,30.99,42.21,1,1.26,10.32,3.16,0,0,0,4.74,0,0,6.32,0,0,0,0,0,0,0,0.73,30.99,1081
420,25,34.43,46.9,1,1.26,10.32,3.16,0,0,0,1.26,0,0,1.68,0,0,0,0,0,0,0,0.73,34.43,1210
421,25,30.49,41.55,1,4.74,10.32,0.84,0,0,0,4.74,0,0,6.32,0,0,0,0,0,0,0,0.73,30.49,1117
422,25,33.92,46.23,1,4.74,10.32,0.84,0,0,0,1.26,0,0,1.68,0,0,0,0,0,0,0,0.73,33.92,1179
423,25,33.43,45.56,1,1.26,10.32,0.84,0,0,0,1.26,0,0,6.32,0,0,0,0,0,0,0,0.73,33.43,1137
424,25,33.92,46.23,1,1.26,10.32,0.84,0,0,0,4.74,0,0,1.68,0,0,0,0,0,0,0,0.73,33.92,1142
425,25,31.48,42.88,1,4.74,5.68,3.16,0,0,0,4.74,0,0,6.32,0,0,0,0,0,0,0,0.73,31.48,1184
426,25,34.92,47.57,1,4.74,5.68,3.16,0,0,0,1.26,0,0,1.68,0,0,0,0,0,0,0,0.73,34.92,1238
427,25,34.43,46.9,1,1.26,5.68,3.16,0,0,0,1.26,0,0,6.32,0,0,0,0,0,0,0,0.73,34.43,1278
428,25,34.92,47.57,1,1.26,5.68,3.16,0,0,0,4.74,0,0,1.68,0,0,0,0,0,0,0,0.73,34.92,1263
429,25,33.92,46.23,1,4.74,5.68,0.84,0,0,0,1.26,0,0,6.32,0,0,0,0,0,0,0,0.73,33.92,1231
430,25,34.41,46.9,1,4.74,5.68,0.84,0,0,0,4.74,0,0,1.68,0,0,0,0,0,0,0,0.73,34.41,1273
431,25,33.92,46.23,1,1.26,5.68,0.84,0,0,0,4.74,0,0,6.32,0,0,0,0,0,0,0,0.73,33.92,1196
432,25,37.36,50.92,1,1.26,5.68,0.84,0,0,0,1.26,0,0,1.68,0,0,0,0,0,0,0,0.73,37.36,1290
433,25,31.12,47.88,1,3,8,2,0,0,0,3,0,0,4,0,0,0,0,0,0,0,0.65,31.12,1176
434,25,40.47,38.54,1,3,8,2,0,0,0,3,0,0,4,0,0,0,0,0,0,0,1.05,40.47,1153
435,25,38.14,44.87,1,3,4,2,0,0,0,3,0,0,4,0,0,0,0,0,0,0,0.85,38.14,1264
436,25,34.46,40.54,1,3,12,2,0,0,0,3,0,0,4,0,0,0,0,0,0,0,0.85,34.46,1118
437,25,37.22,43.78,1,3,8,0,0,0,0,3,0,0,4,0,0,0,0,0,0,0,0.85,37.22,1192
438,25,35.37,41.62,1,3,8,4,0,0,0,3,0,0,4,0,0,0,0,0,0,0,0.85,35.37,1145
439,25,37.68,44.32,1,0,8,2,0,0,0,3,0,0,4,0,0,0,0,0,0,0,0.85,37.68,1146
440,25,34.92,41.08,1,6,8,2,0,0,0,3,0,0,4,0,0,0,0,0,0,0,0.85,34.92,1145
441,25,38.14,44.87,1,3,8,2,0,0,0,3,0,0,0,0,0,0,0,0,0,0,0.85,38.14,1168
442,25,34.46,40.54,1,3,8,2,0,0,0,3,0,0,8,0,0,0,0,0,0,0,0.85,34.46,1081
443,25,37.68,44.32,1,3,8,2,0,0,0,0,0,0,4,0,0,0,0,0,0,0,0.85,37.68,1139
444,25,34.92,41.08,1,3,8,2,0,0,0,6,0,0,4,0,0,0,0,0,0,0,0.85,34.92,1102
445,25,36.3,42.7,1,3,8,2,0,0,0,3,0,0,4,0,0,0,0,0,0,0,0.85,36.3,1118
446,25,55.18,29.81,0,0,0,9.25,1.92,3.84,0,0,0,0,0,0,0,0,0,0,0,0,1.85,0,1182
447,25,25.38,54.52,0,0,0,0,2,4,0,0,0,0,0,14.1,0,0,0,0,0,0,0.47,0,1204
448,25,35.72,38.54,0,0,19.74,0,2,4,0,0,0,0,0,0,0,0,0,0,0,0,0.93,0,1097
449,25,29.7,47.75,0,0,16.55,0,2,4,0,0,0,0,0,0,0,0,0,0,0,0,0.62,0,1104
450,25,26.88,28.76,0,0,0,0,2,4,0,0,0,38.35,0,0,0,0,0,0,0,0,0.93,0,1226
451,25,36.33,40.36,5.82,0,8.73,6.81,0,0,0,1.94,0,0,0,0,0,0,0,0,0,0,0.9,6.24,1147
452,25,35.39,39.34,5.83,0,8.74,6.82,0,0,0,3.89,0,0,0,0,0,0,0,0,0,0,0.9,6.07,1121
453,25,34.48,38.33,5.82,0,8.73,6.81,0,0,0,5.82,0,0,0,0,0,0,0,0,0,0,0.9,5.92,1097
454,25,33.55,37.3,5.83,0,8.74,6.82,0,0,0,7.77,0,0,0,0,0,0,0,0,0,0,0.9,5.75,1091
455,25,40.15,36.52,5.83,0,8.74,6.82,0,0,0,1.94,0,0,0,0,0,0,0,0,0,0,1.1,6.89,1118
456,25,39.18,35.55,5.83,0,8.74,6.82,0,0,0,3.89,0,0,0,0,0,0,0,0,0,0,1.1,6.72,1107
457,25,38.11,34.67,5.83,0,8.74,6.82,0,0,0,5.83,0,0,0,0,0,0,0,0,0,0,1.1,6.54,1102
458,25,37.14,33.7,5.83,0,8.74,6.82,0,0,0,7.77,0,0,0,0,0,0,0,0,0,0,1.1,6.37,1110
459,25,43.36,33.31,5.83,0,8.74,6.82,0,0,0,1.94,0,0,0,0,0,0,0,0,0,0,1.3,7.44,1137
460,25,42.25,32.51,5.82,0,8.73,6.81,0,0,0,3.88,0,0,0,0,0,0,0,0,0,0,1.3,7.26,1135
461,25,41.18,31.63,5.82,0,8.73,6.81,0,0,0,5.82,0,0,0,0,0,0,0,0,0,0,1.3,7.08,1133
462,25,40.05,30.8,5.83,0,8.74,6.82,0,0,0,7.77,0,0,0,0,0,0,0,0,0,0,1.3,6.87,1144
463,25,40.15,36.52,5.83,0,8.74,6.82,0,0,0,0,0,1.94,0,0,0,0,0,0,0,0,1.1,6.89,1123
464,25,39.18,35.55,5.83,0,8.74,6.82,0,0,0,0,0,3.89,0,0,0,0,0,0,0,0,1.1,6.72,1127
465,25,38.11,34.67,5.83,0,8.74,6.82,0,0,0,0,0,5.83,0,0,0,0,0,0,0,0,1.1,6.54,1134
466,25,37.14,33.7,5.83,0,8.74,6.82,0,0,0,0,0,7.77,0,0,0,0,0,0,0,0,1.1,6.37,1136
467,25,41.86,34.83,5.82,0,8.73,6.81,0,0,0,0,0,1.94,0,0,0,0,0,0,0,0,1.2,7.19,1139
468,25,40.79,33.96,5.82,0,8.73,6.81,0,0,0,0,0,3.88,0,0,0,0,0,0,0,0,1.2,7.01,1132
469,25,39.67,33.12,5.83,0,8.74,6.82,0,0,0,0,0,5.83,0,0,0,0,0,0,0,0,1.2,6.8,1133
470,25,38.66,32.21,5.82,0,8.73,6.81,0,0,0,0,0,7.76,0,0,0,0,0,0,0,0,1.2,6.64,1151
471,25,43.36,33.31,5.83,0,8.74,6.82,0,0,0,0,0,1.94,0,0,0,0,0,0,0,0,1.3,7.44,1142
472,25,42.25,32.51,5.82,0,8.73,6.81,0,0,0,0,0,3.88,0,0,0,0,0,0,0,0,1.3,7.26,1148
473,25,41.18,31.63,5.82,0,8.73,6.81,0,0,0,0,0,5.82,0,0,0,0,0,0,0,0,1.3,7.08,1153
474,25,40.05,30.79,5.83,0,8.74,6.82,0,0,0,0,0,7.77,0,0,0,0,0,0,0,0,1.3,6.87,1152
475,25,35,25.91,2.92,6.24,8.18,6.17,0,0,0,6.24,0,0,9.35,0,0,0,0,0,0,0,1.35,11.99,1156
476,25,43.19,34.09,2.92,1.56,8.18,6.17,0,0,0,1.56,0,0,2.34,0,0,0,0,0,0,0,1.27,14.79,1127
477,25,39.68,30.58,2.92,6.23,3.51,6.17,0,0,0,1.56,0,0,9.35,0,0,0,0,0,0,0,1.3,13.59,1222
478,25,43.19,34.09,2.92,1.56,3.51,6.17,0,0,0,6.23,0,0,2.34,0,0,0,0,0,0,0,1.27,14.79,1154
479,25,40.06,35.09,2.96,6.31,8.28,3.36,0,0,0,1.58,0,0,2.37,0,0,0,0,0,0,0,1.14,13.53,1134
480,25,36.51,31.54,2.96,1.58,8.28,3.36,0,0,0,6.31,0,0,9.46,0,0,0,0,0,0,0,1.16,12.33,1112
481,25,40.06,35.09,2.96,6.31,3.55,3.36,0,0,0,6.31,0,0,2.37,0,0,0,0,0,0,0,1.14,13.53,1181
482,25,41.24,36.27,2.96,1.58,3.55,3.36,0,0,0,1.58,0,0,9.46,0,0,0,0,0,0,0,1.14,13.93,1145
483,25,35.23,37.37,2.92,6.23,8.18,6.17,0,0,0,1.56,0,0,2.34,0,0,0,0,0,0,0,0.94,12.07,1150
484,25,32.35,33.23,2.92,1.56,8.18,6.17,0,0,0,6.24,0,0,9.35,0,0,0,0,0,0,0,0.97,11.08,1053
485,25,35.23,37.37,2.92,6.23,3.51,6.17,0,0,0,6.23,0,0,2.34,0,0,0,0,0,0,0,0.94,12.07,1238
486,25,36.2,38.74,2.92,1.56,3.51,6.17,0,0,0,1.56,0,0,9.35,0,0,0,0,0,0,0,0.93,12.4,1164
487,25,28.99,34.33,2.96,6.31,8.28,3.36,0,0,0,6.31,0,0,9.46,0,0,0,0,0,0,0,0.84,9.79,1092
488,25,35.8,44.08,2.96,1.58,8.28,3.36,0,0,0,1.58,0,0,2.37,0,0,0,0,0,0,0,0.81,12.09,1181
489,25,32.88,39.9,2.96,6.31,3.55,3.36,0,0,0,1.58,0,0,9.46,0,0,0,0,0,0,0,0.82,11.11,1191
490,25,35.8,44.08,2.96,1.58,3.55,3.36,0,0,0,6.31,0,0,2.37,0,0,0,0,0,0,0,0.81,12.09,1194
491,25,31.66,41.03,2.94,3.92,5.88,4.77,0,0,0,3.92,0,0,5.88,0,0,0,0,0,0,0,0.77,10.77,1177
492,25,41.43,31.26,2.94,3.92,5.88,4.77,0,0,0,3.92,0,0,5.88,0,0,0,0,0,0,0,1.33,14.09,1202
493,25,36.3,38.52,2.97,3.96,5.94,2.42,0,0,0,3.96,0,0,5.94,0,0,0,0,0,0,0,0.94,12.22,1148
494,25,38.09,32.51,2.91,3.88,5.82,7.09,0,0,0,3.88,0,0,5.82,0,0,0,0,0,0,0,1.17,13.09,1129
495,25,39,37.61,2.94,3.92,1.96,4.77,0,0,0,3.92,0,0,5.88,0,0,0,0,0,0,0,1.04,13.27,1177
496,25,35.4,33.37,2.94,3.92,9.8,4.77,0,0,0,3.92,0,0,5.88,0,0,0,0,0,0,0,1.06,12.04,1075
497,25,39,37.61,2.94,0,5.88,4.77,0,0,0,3.92,0,0,5.88,0,0,0,0,0,0,0,1.04,13.27,1127
498,25,35.4,33.37,2.94,7.84,5.88,4.77,0,0,0,3.92,0,0,5.88,0,0,0,0,0,0,0,1.06,12.04,1152
499,25,39,37.61,2.94,3.92,5.88,4.77,0,0,0,0,0,0,5.88,0,0,0,0,0,0,0,1.04,13.27,1155
500,25,35.4,33.37,2.94,3.92,5.88,4.77,0,0,0,7.84,0,0,5.88,0,0,0,0,0,0,0,1.06,12.04,1127
501,25,39.9,38.67,2.94,3.92,5.88,4.77,0,0,0,3.92,0,0,0,0,0,0,0,0,0,0,1.03,13.57,1171
502,25,34.5,32.31,2.94,3.92,5.88,4.77,0,0,0,3.92,0,0,11.76,0,0,0,0,0,0,0,1.07,11.73,1111
503,25,37.2,35.49,2.94,3.92,5.88,4.77,0,0,0,3.92,0,0,5.88,0,0,0,0,0,0,0,1.05,12.65,1142
